id,full_name,mlb_played_last,player_type,balls_in_play
554429,Dustin Ackley,2016,Batter,245
660670,Ronald Acuna,2019,Batter,310
542436,Cristhian Adames,2019,Batter,227
642715,Willy Adames,2019,Batter,193
542866,Austin Adams,2019,Pitcher,1
572669,Lane Adams,2018,Batter,89
571431,Matt Adams,2019,Batter,834
451192,Jim Adduci,2019,Batter,187
534947,Tim Adleman,2017,Pitcher,29
501303,Ehire Adrianza,2019,Batter,533
542583,Jesus Aguilar,2019,Batter,551
605113,Nick Ahmed,2019,Batter,1101
452027,Andrew Albers,2017,Pitcher,1
458006,Matt Albers,2019,Pitcher,1
593643,Hanser Alberto,2019,Batter,144
645277,Ozzie Albies,2019,Batter,704
570489,Arismendy Alcantara,2017,Batter,93
645261,Sandy Alcantara,2019,Pitcher,4
595751,Jorge Alfaro,2019,Batter,288
546990,Anthony Alford,2019,Batter,15
663465,Kolby Allard,2019,Pitcher,1
656185,Greg Allen,2019,Batter,234
501659,Abraham Almonte,2019,Batter,544
622075,Yency Almonte,2019,Pitcher,1
546991,Albert Almora,2019,Batter,699
475174,Yonder Alonso,2019,Batter,1440
571437,Aaron Altherr,2019,Batter,645
514888,Jose Altuve,2019,Batter,2102
506693,Henderson Alvarez,2017,Pitcher,9
501625,Jose Alvarez,2019,Pitcher,1
476883,Pedro Alvarez,2018,Batter,643
506560,Alexi Amarista,2017,Batter,513
474463,Brett Anderson,2019,Pitcher,24
605119,Brian Anderson,2019,Pitcher,517
457762,Bryan Anderson,2015,Batter,4
502624,Chase Anderson,2019,Pitcher,88
623454,Drew Anderson,2019,Batter,2
664196,Tanner Anderson,2019,Pitcher,1
641313,Tim Anderson,2019,Batter,1136
542881,Tyler Anderson,2019,Pitcher,51
435180,Robert Andino,2016,Batter,20
607430,John Andreoli,2018,Batter,42
542882,Matt Andriese,2019,Pitcher,2
462101,Elvis Andrus,2019,Batter,1825
609280,Miguel Andujar,2019,Batter,483
542883,Dean Anna,2015,Batter,1
493114,Nori Aoki,2017,Batter,994
502042,Chris Archer,2019,Pitcher,22
516472,Francisco Arcia,2018,Batter,76
606115,Orlando Arcia,2019,Batter,821
542455,Oswaldo Arcia,2016,Batter,165
571448,Nolan Arenado,2019,Batter,1989
450317,J. P. Arencibia,2015,Batter,49
435078,Joaquin Arias,2015,Batter,46
453562,Jake Arrieta,2019,Pitcher,118
276520,Bronson Arroyo,2017,Pitcher,16
624414,Christian Arroyo,2019,Batter,130
605125,Cody Asche,2017,Batter,493
594742,Alec Asher,2018,Pitcher,9
502213,Nevin Ashley,2015,Batter,12
553902,Willians Astudillo,2019,Batter,90
641319,Carlos Asuaje,2018,Batter,394
592122,Tyler Austin,2019,Batter,219
623214,Abiatal Avelino,2019,Batter,8
488671,Alex Avila,2019,Batter,498
501593,Luis Avilan,2019,Pitcher,2
449107,Mike Aviles,2017,Batter,463
518420,Dylan Axelrod,2015,Pitcher,1
430947,Erick Aybar,2017,Batter,1145
488674,Burke Badenhop,2015,Pitcher,1
664056,Harrison Bader,2019,Batter,315
595879,Javier Baez,2019,Batter,1129
520980,Pedro Baez,2019,Pitcher,3
456701,Homer Bailey,2019,Pitcher,42
425557,Jeff Baker,2015,Batter,47
435044,Scott Baker,2015,Pitcher,2
444446,Collin Balester,2015,Pitcher,1
607455,Anthony Banda,2019,Pitcher,2
542908,Jett Bandy,2018,Batter,332
544365,Manny Banuelos,2019,Pitcher,2
592127,Johnny Barbato,2018,Pitcher,1
425549,Clint Barmes,2015,Batter,152
605131,Austin Barnes,2019,Batter,354
488681,Brandon Barnes,2018,Batter,272
446381,Darwin Barney,2017,Batter,528
571466,Tucker Barnhart,2019,Batter,1168
571467,Steven Baron,2019,Batter,12
620439,Franklin Barreto,2019,Batter,82
642545,Jaime Barria,2019,Pitcher,4
605135,Chris Bassitt,2019,Pitcher,1
545333,Trevor Bauer,2019,Pitcher,9
641343,Jake Bauers,2019,Batter,219
571473,Buddy Baumann,2018,Pitcher,1
622441,Rafael Bautista,2018,Batter,25
488689,Mike Baxter,2015,Batter,43
545404,Brandon Beachy,2015,Pitcher,1
493596,Gordon Beckham,2019,Batter,409
542921,Tim Beckham,2019,Batter,900
542923,Dallas Beeler,2015,Pitcher,2
430613,Ronald Belisario,2015,Pitcher,1
279571,Matt Belisle,2018,Pitcher,2
605137,Josh Bell,2019,Batter,938
641355,Cody Bellinger,2019,Batter,740
474832,Brandon Belt,2019,Batter,1309
136860,Carlos Beltran,2017,Batter,1209
134181,Adrian Beltre,2018,Batter,1644
643217,Andrew Benintendi,2019,Batter,1014
503437,James Beresford,2016,Batter,16
548357,Christian Bergman,2018,Pitcher,14
448674,Doug Bernier,2015,Batter,2
621244,Jose Berrios,2019,Pitcher,6
450641,Quintin Berry,2017,Batter,1
542932,Jon Berti,2019,Batter,11
542194,Christian Bethancourt,2017,Batter,263
518452,Chad Bettis,2019,Pitcher,65
605141,Mookie Betts,2019,Batter,2085
607352,Joe Biagini,2019,Pitcher,2
488703,Jeff Bianchi,2015,Batter,2
592145,Jesse Biddle,2019,Pitcher,2
669456,Shane Bieber,2019,Pitcher,2
451532,Chad Billingsley,2015,Pitcher,8
595885,Greg Bird,2019,Batter,403
621389,Ty Blach,2019,Pitcher,41
621112,Paul Blackburn,2019,Pitcher,3
453568,Charlie Blackmon,2019,Batter,1979
594760,Aaron Blair,2017,Pitcher,13
542942,Carson Blair,2015,Batter,13
433217,Andres Blanco,2017,Batter,434
453923,Gregor Blanco,2018,Batter,754
607468,Alex Blandino,2019,Batter,87
452035,Kyle Blanks,2015,Batter,47
430599,Joe Blanton,2017,Pitcher,3
518466,Jabari Blash,2018,Batter,150
518468,Michael Blazek,2019,Pitcher,3
460283,Jerry Blevins,2019,Pitcher,2
217100,Willie Bloomquist,2015,Batter,56
453269,Brennan Boesch,2015,Batter,59
593428,Xander Bogaerts,2019,Batter,1907
460131,Brian Bogusevic,2015,Batter,37
502211,Mike Bolsinger,2017,Pitcher,17
466988,Emilio Bonifacio,2017,Batter,106
593528,Jorge Bonifacio,2019,Batter,431
570810,Lisalverto Bonilla,2017,Pitcher,3
474865,Julio Borbon,2016,Batter,10
517448,Wilfredo Boscan,2016,Pitcher,2
607471,Christopher Bostick,2018,Batter,27
623520,David Bote,2019,Batter,124
571506,Justin Bour,2019,Batter,1113
430652,Jason Bourgeois,2015,Batter,163
488721,Peter Bourjos,2019,Batter,564
456422,Michael Bourn,2016,Batter,601
621199,Matthew Bowman,2019,Pitcher,1
571510,Matt Boyd,2019,Pitcher,3
430641,Blaine Boyer,2018,Pitcher,1
605151,Archie Bradley,2019,Pitcher,24
598265,Jackie Bradley,2019,Batter,1262
488726,Michael Brantley,2019,Batter,1309
542963,Rob Brantly,2019,Batter,42
643230,Steven Brault,2019,Pitcher,36
605154,John Brebbia,2019,Pitcher,2
608324,Alex Bregman,2019,Batter,1117
518490,Bryce Brentz,2016,Batter,44
592166,Ryan Brett,2015,Batter,3
592169,Austin Brice,2019,Pitcher,2
593993,Jose Briceno,2018,Batter,82
656257,Jeff Brigham,2019,Pitcher,2
458582,Reid Brignac,2016,Batter,29
621446,Lewis Brinson,2019,Batter,292
593647,Socrates Brito,2019,Batter,129
605156,Aaron Brooks,2019,Pitcher,2
502126,Domonic Brown,2015,Batter,153
623143,Trevor Brown,2016,Batter,165
542979,Keon Broxton,2019,Batter,409
457803,Jay Bruce,2019,Batter,1508
595144,Jaycob Brugman,2017,Batter,105
592178,Kris Bryant,2019,Batter,1512
571527,David Buchanan,2015,Pitcher,12
594772,Jake Buchanan,2017,Pitcher,1
453329,Clay Buchholz,2019,Pitcher,18
621111,Walker Buehler,2019,Pitcher,22
279824,Mark Buehrle,2015,Pitcher,4
518516,Madison Bumgarner,2019,Pitcher,140
605164,Dylan Bundy,2019,Pitcher,4
542992,Andy Burns,2016,Batter,4
542993,Billy Burns,2017,Batter,718
502034,Emmanuel Burriss,2016,Batter,38
501936,Matt Buschmann,2016,Pitcher,1
502544,Nick Buss,2016,Batter,57
460077,Drew Butera,2019,Batter,414
456714,Billy Butler,2016,Batter,645
576788,Dan Butler,2018,Batter,4
572750,Eddie Butler,2018,Pitcher,34
542994,Joey Butler,2015,Batter,175
621439,Byron Buxton,2019,Batter,639
407781,Marlon Byrd,2016,Batter,438
452678,Asdrubal Cabrera,2019,Batter,1639
465784,Everth Cabrera,2015,Batter,74
466320,Melky Cabrera,2019,Batter,1821
408234,Miguel Cabrera,2019,Batter,1292
541608,Ramon Cabrera,2016,Batter,166
502239,Trevor Cahill,2019,Pitcher,19
456715,Lorenzo Cain,2019,Batter,1695
430912,Matt Cain,2017,Pitcher,29
594777,Kole Calhoun,2019,Batter,1735
641432,Willie Calhoun,2019,Batter,102
593525,Orlando Calixte,2017,Batter,36
430948,Alberto Callaspo,2015,Batter,196
622666,Johan Camargo,2019,Batter,546
491708,Arquimedes Caminero,2016,Pitcher,1
493472,Eric Campbell,2016,Batter,187
600869,Jeimer Candelario,2019,Batter,482
592192,Mark Canha,2019,Batter,760
429664,Robinson Cano,2019,Batter,1842
605169,Carter Capps,2017,Pitcher,1
425626,Chris Capuano,2016,Pitcher,1
605170,Victor Caratini,2019,Batter,185
506924,Stephen Cardullo,2017,Batter,65
572761,Matt Carpenter,2019,Batter,1566
471911,Carlos Carrasco,2019,Pitcher,6
485567,Ezequiel Carrera,2017,Batter,539
474892,Chris Carter,2017,Batter,691
592200,Curt Casali,2019,Batter,325
488768,Andrew Cashner,2019,Pitcher,62
592206,Nick Castellanos,2019,Batter,1638
620454,Jose Castillo,2019,Batter,1
622491,Luis Castillo,2019,Batter,54
456078,Welington Castillo,2019,Batter,913
593495,Daniel Castro,2018,Batter,226
605612,Harold Castro,2019,Batter,8
488771,Jason Castro,2019,Batter,713
516770,Starlin Castro,2019,Batter,1734
595909,Jake Cave,2019,Batter,181
594555,Garin Cecchini,2015,Batter,1
608325,Gavin Cecchini,2017,Batter,62
446399,Brett Cecil,2018,Pitcher,1
571553,Darrell Ceciliani,2017,Batter,61
518542,Juan Centeno,2019,Batter,222
465041,Francisco Cervelli,2019,Batter,1059
468504,Jhoulys Chacin,2019,Pitcher,95
605177,Andrew Chafin,2019,Pitcher,2
547973,Aroldis Chapman,2019,Pitcher,1
656305,Matt Chapman,2019,Batter,599
608638,J. T. Chargois,2019,Pitcher,1
543022,Tyler Chatwood,2019,Pitcher,88
445926,Jesse Chavez,2019,Pitcher,1
612672,Wei-Yin Chen,2019,Pitcher,53
455139,Robinson Chirinos,2019,Batter,678
502082,Lonnie Chisenhall,2018,Batter,832
596847,Ji-Man Choi,2019,Batter,230
425783,Shin-Soo Choo,2019,Batter,1354
643256,Adam Cimber,2019,Pitcher,1
571561,Tony Cingrani,2018,Pitcher,1
465674,Pedro Ciriaco,2015,Batter,104
518553,Steve Cishek,2019,Pitcher,4
624419,Nick Ciuffo,2019,Batter,25
518560,Paul Clemens,2016,Pitcher,10
502182,Steve Clevenger,2016,Batter,142
605182,Mike Clevinger,2019,Pitcher,3
461325,Tyler Clippard,2019,Pitcher,1
543031,Tyler Cloyd,2018,Pitcher,1
605183,Jason Coats,2016,Batter,38
502171,Alex Cobb,2019,Pitcher,6
458085,Chris Coghlan,2017,Batter,587
499624,Chris Colabello,2016,Batter,257
595918,A. J. Cole,2019,Pitcher,16
543037,Gerrit Cole,2019,Pitcher,88
543038,Dusty Coleman,2017,Batter,35
607385,Tyler Collins,2017,Batter,342
518567,Josh Collmenter,2017,Pitcher,18
112526,Bartolo Colon,2018,Pitcher,64
518568,Christian Colon,2019,Batter,246
624424,Michael Conforto,2019,Batter,994
474233,Hank Conger,2016,Batter,222
543045,Adam Conley,2019,Pitcher,39
664869,P. J. Conlon,2018,Pitcher,3
575929,Willson Contreras,2019,Batter,817
608641,Tim Cooney,2015,Pitcher,10
643265,Garrett Cooper,2019,Batter,52
571578,Patrick Corbin,2019,Pitcher,113
641477,Ryan Cordell,2019,Batter,22
614173,Franchy Cordero,2019,Batter,132
642707,Allen Cordoba,2017,Batter,148
449786,Carlos Corporan,2015,Batter,67
621043,Carlos Correa,2019,Batter,1368
429781,Kevin Correia,2015,Pitcher,5
543054,Jarred Cosart,2017,Pitcher,22
605194,Jharel Cotton,2017,Pitcher,1
592230,Kaleb Cowart,2019,Batter,231
518577,Collin Cowgill,2016,Batter,55
446359,Zack Cozart,2019,Batter,1087
622226,Dylan Cozens,2019,Batter,14
501800,Allen Craig,2015,Batter,53
572788,Tyler Cravy,2016,Pitcher,8
543063,Brandon Crawford,2019,Batter,1640
408307,Carl Crawford,2016,Batter,210
641487,J. P. Crawford,2019,Batter,128
424825,Coco Crisp,2016,Batter,469
543068,C. J. Cron,2019,Batter,1227
488810,Tony Cruz,2018,Batter,126
150212,Michael Cuddyer,2015,Batter,291
456501,Johnny Cueto,2019,Pitcher,113
571595,Noel Cuevas,2019,Batter,122
518586,Charlie Culberson,2019,Batter,274
592239,Todd Cunningham,2016,Batter,90
596144,Cheslor Cuthbert,2019,Batter,600
488818,Chase d'Arnaud,2018,Batter,287
518595,Travis d'Arnaud,2019,Batter,690
621311,David Dahl,2019,Batter,344
458668,Jordan Danks,2015,Batter,2
506433,Yu Darvish,2019,Pitcher,10
571602,Matt Davidson,2018,Batter,519
448801,Chris Davis,2019,Batter,1251
477195,Ike Davis,2016,Batter,179
605204,J. D. Davis,2019,Batter,116
641505,Jonathan Davis,2019,Batter,19
501981,Khris Davis,2019,Batter,1431
434658,Rajai Davis,2019,Batter,1014
606959,Rookie Davis,2019,Pitcher,1
543089,Taylor Davis,2019,Batter,13
457477,Alejandro De Aza,2017,Batter,454
518603,Justin De Fratus,2015,Pitcher,2
474443,Ivan De Jesus,2016,Batter,316
503444,Joel De La Cruz,2016,Pitcher,8
523989,Rubby De La Rosa,2017,Pitcher,50
592254,Jose De Leon,2019,Pitcher,3
660853,Enyel De Los Santos,2019,Pitcher,1
621573,Austin Dean,2019,Batter,91
572804,Cody Decker,2015,Batter,6
543094,Jaff Decker,2017,Batter,90
594798,Jacob deGrom,2019,Pitcher,164
430203,David DeJesus,2015,Batter,236
657557,Paul DeJong,2019,Batter,606
517414,Randall Delgado,2018,Pitcher,7
547170,Nick Delmonico,2019,Batter,314
544925,Matt den Dekker,2018,Batter,115
456121,Chris Denorfia,2015,Batter,156
518614,Daniel Descalso,2019,Batter,828
543101,Anthony DeSclafani,2019,Pitcher,61
592261,Delino DeShields,2019,Batter,970
435622,Ian Desmond,2019,Batter,1522
628333,Odrisamer Despaigne,2019,Pitcher,37
646240,Rafael Devers,2019,Batter,494
621242,Edwin Diaz,2019,Batter,1
553869,Elias Diaz,2019,Batter,366
502409,Jonathan Diaz,2015,Batter,10
471822,Jumbo Diaz,2017,Pitcher,1
622766,Miguel Diaz,2019,Pitcher,3
543105,Alex Dickerson,2019,Batter,214
572816,Corey Dickerson,2019,Batter,1404
607297,O'Koyea Dickson,2017,Batter,5
518618,Derek Dietrich,2019,Batter,1119
594694,Wilmer Difo,2019,Batter,639
641525,Brandon Dixon,2019,Batter,75
458689,Chris Dominguez,2015,Batter,11
518625,Matt Dominguez,2016,Batter,8
518626,Josh Donaldson,2019,Batter,1382
457760,Danny Dorn,2015,Batter,20
572821,Brian Dozier,2019,Batter,1857
641531,Hunter Dozier,2019,Batter,264
452220,Stephen Drew,2017,Batter,498
592273,Brandon Drury,2019,Batter,808
446263,Lucas Duda,2019,Batter,964
488846,Brian Duensing,2018,Pitcher,2
518633,Danny Duffy,2019,Pitcher,5
592274,Matt Duffy,2016,Batter,7
622110,Matt Duffy,2019,Batter,1167
621453,Steven Duggar,2019,Batter,97
445197,Mike Dunn,2019,Pitcher,1
594807,Adam Duvall,2019,Batter,1110
488852,Allan Dykstra,2015,Batter,19
502481,Jarrod Dyson,2019,Batter,886
446225,Ed Easley,2015,Batter,5
621107,Zach Eflin,2019,Pitcher,36
643297,Cody Ege,2016,Pitcher,1
518649,Brett Eibner,2017,Batter,153
595191,Jerad Eickhoff,2019,Pitcher,74
606273,Roenis Elias,2019,Pitcher,1
623395,Brian Ellington,2017,Pitcher,1
454560,A. J. Ellis,2018,Batter,511
453056,Jacoby Ellsbury,2017,Batter,1126
518653,Jake Elmore,2019,Batter,177
429665,Edwin Encarnacion,2019,Batter,1682
641553,Adam Engel,2019,Batter,484
608650,Dietrich Enns,2017,Pitcher,1
543135,Nathan Eovaldi,2019,Pitcher,6
572362,Robbie Erlin,2019,Pitcher,19
640447,Phil Ervin,2019,Batter,201
605222,Jake Esch,2017,Pitcher,3
444876,Alcides Escobar,2018,Batter,1986
500871,Eduardo Escobar,2019,Batter,1402
546276,Edwin Escobar,2016,Pitcher,1
488862,Yunel Escobar,2017,Batter,1214
502179,Paolo Espino,2017,Pitcher,3
457787,Danny Espinosa,2017,Batter,760
462136,Marco Estrada,2019,Pitcher,7
444843,Andre Ethier,2017,Batter,362
595943,Phillip Evans,2018,Batter,38
571656,Buck Farmer,2019,Pitcher,1
571657,Kyle Farmer,2019,Batter,70
608652,Luke Farrell,2019,Pitcher,1
605227,Taylor Featherston,2017,Batter,147
607200,Erick Fedde,2019,Pitcher,12
543148,Tim Federowicz,2019,Batter,52
444857,Scott Feldman,2017,Pitcher,19
593140,Michael Feliz,2019,Pitcher,1
657571,Caleb Ferguson,2019,Pitcher,2
608654,Johnny Field,2018,Batter,149
474494,Thomas Field,2015,Batter,25
425902,Prince Fielder,2016,Batter,788
571665,Daniel Fields,2015,Batter,1
571666,Mike Fiers,2019,Pitcher,18
502676,Cole Figueroa,2016,Batter,32
641571,Heath Fillmyer,2019,Pitcher,1
605232,Brandon Finnegan,2018,Pitcher,47
605233,Derek Fisher,2019,Batter,129
450729,Doug Fister,2018,Pitcher,22
656427,Jack Flaherty,2019,Pitcher,30
475247,Ryan Flaherty,2019,Batter,443
456071,Yohan Flande,2016,Pitcher,11
664058,David Fletcher,2019,Batter,250
623167,Chris Flexen,2019,Pitcher,6
570717,Ramon Flores,2017,Batter,226
527038,Wilmer Flores,2019,Batter,1305
465753,Pedro Florimon,2018,Batter,94
571670,Dylan Floro,2019,Pitcher,4
452095,Tyler Flowers,2019,Batter,827
425856,Gavin Floyd,2016,Pitcher,1
543169,Brian Flynn,2019,Pitcher,1
592314,Mike Foltynewicz,2019,Pitcher,58
545337,Nolan Fontana,2018,Batter,17
523253,Logan Forsythe,2019,Batter,1353
451594,Dexter Fowler,2019,Batter,1307
641583,Dustin Fowler,2018,Batter,145
596748,Maikel Franco,2019,Batter,1578
425796,Jeff Francoeur,2016,Batter,466
435623,Kevin Frandsen,2015,Batter,8
545338,Nick Franklin,2018,Batter,282
624428,Adam Frazier,2019,Batter,734
640449,Clint Frazier,2019,Batter,112
453943,Todd Frazier,2019,Batter,1554
607536,Kyle Freeland,2019,Pitcher,47
518692,Freddie Freeman,2019,Batter,1567
502273,Mike Freeman,2019,Batter,56
518693,Sam Freeman,2019,Pitcher,1
501896,David Freese,2019,Batter,1130
571679,David Freitas,2019,Batter,81
516910,Carlos Frias,2016,Pitcher,9
608331,Max Fried,2019,Pitcher,9
543184,Christian Friedrich,2016,Pitcher,17
518700,Eric Fryer,2017,Batter,155
571681,Rey Fuentes,2017,Batter,134
453539,Sam Fuld,2015,Batter,235
605242,Michael Fulmer,2018,Pitcher,5
543193,Drew Gagnon,2019,Pitcher,1
502570,Rocky Gale,2019,Batter,18
595956,Cam Gallagher,2019,Batter,68
451596,Yovani Gallardo,2018,Pitcher,9
606149,Giovanny Gallegos,2019,Pitcher,1
608336,Joey Gallo,2019,Batter,603
543194,Isaac Galloway,2019,Batter,43
520471,Freddy Galvis,2019,Batter,1856
592325,Ben Gamel,2019,Batter,615
607231,John Gant,2019,Pitcher,26
611177,Adonis Garcia,2017,Batter,745
605244,Aramis Garcia,2019,Batter,32
541645,Avisail Garcia,2019,Batter,1371
594824,Greg Garcia,2019,Batter,548
448802,Jaime Garcia,2018,Pitcher,75
606424,Jarlin Garcia,2019,Pitcher,2
544725,Leury Garcia,2019,Batter,462
591994,Willy Garcia,2017,Batter,74
458731,Brett Gardner,2019,Batter,1772
572863,Dustin Garneau,2019,Batter,180
607237,Amir Garrett,2019,Pitcher,14
641598,Mitch Garver,2019,Batter,261
490063,Matt Garza,2017,Pitcher,51
594828,Evan Gattis,2018,Batter,1323
592332,Kevin Gausman,2019,Pitcher,11
543208,Sam Gaviglio,2019,Pitcher,5
518715,Cory Gearrin,2019,Pitcher,1
518716,Dillon Gee,2017,Pitcher,6
571697,Scooter Gennett,2019,Batter,1497
502226,Craig Gentry,2018,Batter,265
595222,Mike Gerber,2019,Batter,21
542674,Gonzalez Germen,2016,Pitcher,2
543213,Johnny Giavotella,2017,Batter,707
502043,Kyle Gibson,2019,Pitcher,7
543216,Conor Gillaspie,2017,Batter,423
502261,Cole Gillespie,2016,Batter,155
543219,Sean Gilmartin,2019,Pitcher,4
460269,Chris Gimenez,2018,Batter,344
608337,Lucas Giolito,2019,Pitcher,5
571710,Mychal Givens,2019,Pitcher,1
607192,Tyler Glasnow,2019,Pitcher,13
643327,Zack Godley,2019,Pitcher,51
592340,Erik Goeddel,2018,Pitcher,1
595963,Tyler Goeddel,2016,Batter,161
627894,Luiz Gohara,2018,Pitcher,2
572365,Ryan Goins,2019,Batter,836
502671,Paul Goldschmidt,2019,Batter,1676
596295,Austin Gomber,2018,Pitcher,16
430404,Jonny Gomes,2015,Batter,144
543228,Yan Gomes,2019,Batter,967
460576,Carlos Gomez,2019,Batter,1107
467143,Hector Gomez,2015,Batter,87
622497,Miguel Gomez,2018,Batter,37
594835,Marco Gonzales,2019,Pitcher,1
408236,Adrian Gonzalez,2018,Batter,1238
554054,Alfredo Gonzalez,2018,Batter,5
471865,Carlos Gonzalez,2019,Batter,1577
570481,Erik Gonzalez,2019,Batter,183
461829,Gio Gonzalez,2019,Pitcher,110
503556,Marwin Gonzalez,2019,Batter,1355
642571,Merandy Gonzalez,2018,Pitcher,2
456068,Miguel Gonzalez,2018,Pitcher,5
605894,Severino Gonzalez,2016,Pitcher,7
592348,Niko Goodrum,2019,Batter,319
571718,Brian Goodwin,2019,Batter,312
460086,Alex Gordon,2019,Batter,1291
543829,Dee Gordon,2019,Batter,1830
605253,Terrance Gore,2019,Batter,10
543238,Anthony Gose,2016,Batter,393
488912,Tuffy Gosewisch,2017,Batter,187
594838,Philip Gosselin,2019,Batter,316
605254,Daniel Gossett,2018,Pitcher,1
594840,Matt Grace,2019,Pitcher,4
518735,Yasmani Grandal,2019,Batter,1161
434158,Curtis Granderson,2019,Batter,1407
643335,Zach Granite,2017,Batter,84
492802,Juan Graterol,2019,Batter,90
608665,Kendall Graveman,2018,Pitcher,1
605255,Brett Graves,2018,Pitcher,1
592351,Jon Gray,2019,Pitcher,55
543243,Sonny Gray,2019,Pitcher,5
502205,Grant Green,2017,Batter,67
572888,Shane Greene,2019,Pitcher,2
544369,Didi Gregorius,2019,Batter,1819
606988,Grayson Greiner,2019,Batter,64
425844,Zack Greinke,2019,Pitcher,188
545341,Randal Grichuk,2019,Batter,1099
518748,Justin Grimm,2018,Pitcher,2
543257,Robbie Grossman,2019,Batter,884
607229,Robert Gsellman,2019,Pitcher,27
500610,Deolis Guerra,2019,Pitcher,1
642770,Javy Guerra,2019,Pitcher,7
448855,Junior Guerra,2019,Pitcher,56
648717,Alex Guerrero,2015,Batter,162
602115,Gabriel Guerrero,2018,Batter,10
641645,Luis Guillorme,2019,Batter,64
666971,Lourdes Gurriel,2019,Batter,190
493329,Yuli Gurriel,2019,Batter,1059
425386,Jeremy Guthrie,2017,Pitcher,4
429711,Franklin Gutierrez,2017,Batter,320
446386,Brandon Guyer,2018,Batter,777
608597,Ronald Guzman,2019,Batter,266
576397,Jedd Gyorko,2019,Batter,1213
606992,Eric Haase,2019,Batter,10
623352,Josh Hader,2019,Pitcher,3
518755,Matt Hague,2015,Batter,8
534910,Jesse Hahn,2019,Pitcher,1
571735,David Hale,2019,Pitcher,14
430935,Cole Hamels,2019,Pitcher,47
571740,Billy Hamilton,2019,Batter,1476
285078,Josh Hamilton,2015,Batter,118
434628,Jason Hammel,2018,Pitcher,95
641658,Garrett Hampson,2019,Batter,28
543272,Brad Hand,2019,Pitcher,17
518764,Donovan Hand,2015,Pitcher,1
452672,Ryan Hanigan,2017,Batter,288
571745,Mitch Haniger,2019,Batter,806
595238,Jacob Hannemann,2017,Batter,16
593700,Alen Hanson,2019,Batter,414
664023,Ian Happ,2019,Batter,455
457918,J. A. Happ,2019,Pitcher,18
421685,Aaron Harang,2015,Pitcher,30
543278,Blaine Hardy,2019,Pitcher,1
429666,J. J. Hardy,2017,Batter,866
429717,Dan Haren,2015,Pitcher,33
547180,Bryce Harper,2019,Batter,1481
449173,Lucas Harrell,2017,Pitcher,6
543281,Josh Harrison,2019,Batter,1430
457448,Matt Harrison,2015,Pitcher,1
430611,Corey Hart,2015,Batter,35
518774,Matt Harvey,2019,Pitcher,103
451109,Brett Hayes,2015,Batter,25
502457,Drew Hayes,2016,Pitcher,1
669720,Austin Hays,2019,Batter,44
571757,Jeremy Hazelbaker,2017,Batter,168
452104,Chase Headley,2018,Batter,1206
592387,Ryon Healy,2019,Batter,1023
571760,Andrew Heaney,2019,Pitcher,4
571761,Slade Heathcott,2015,Batter,20
588751,Adeiny Hechavarria,2019,Batter,1328
595978,Austin Hedges,2019,Batter,594
502317,Chris Heisey,2017,Batter,185
476451,Jeremy Hellickson,2019,Pitcher,100
543294,Kyle Hendricks,2019,Pitcher,116
628338,Guillermo Heredia,2019,Batter,639
641684,Michael Hermosillo,2019,Batter,40
554374,Ariel Hernandez,2017,Pitcher,1
514917,Cesar Hernandez,2019,Batter,1607
456696,David Hernandez,2019,Pitcher,1
622694,Elieser Hernandez,2019,Pitcher,4
571771,Enrique Hernandez,2019,Batter,849
433587,Felix Hernandez,2019,Pitcher,9
491676,Gorkys Hernandez,2019,Batter,586
593523,Marco Hernandez,2019,Batter,84
591712,Oscar Hernandez,2016,Batter,27
433584,Roberto Hernandez,2016,Pitcher,1
606192,Teoscar Hernandez,2019,Batter,437
599096,Dilson Herrera,2018,Batter,115
467070,Elian Herrera,2015,Batter,184
468406,Jonathan Herrera,2015,Batter,103
546318,Odubel Herrera,2019,Batter,1643
594011,Rosell Herrera,2019,Batter,221
543302,Chris Herrmann,2019,Batter,381
605276,David Hess,2019,Pitcher,2
594857,Keith Hessler,2016,Pitcher,1
518790,Chris Heston,2017,Pitcher,33
518792,Jason Heyward,2019,Batter,1639
543305,Aaron Hicks,2019,Batter,1148
543308,John Hicks,2019,Batter,342
543309,Kyle Higashioka,2019,Batter,68
431094,Aaron Hill,2017,Batter,633
448179,Rich Hill,2019,Pitcher,59
673633,Yoshihisa Hirano,2019,Pitcher,1
543321,L. J. Hoes,2015,Batter,12
656546,Jeff Hoffman,2019,Pitcher,22
592407,Bryan Holaday,2019,Batter,290
502706,Derek Holland,2019,Pitcher,22
407812,Matt Holliday,2018,Batter,785
571787,David Holmberg,2017,Pitcher,3
605280,Clay Holmes,2019,Pitcher,4
571788,Brock Holt,2019,Batter,943
534627,Tyler Holt,2016,Batter,151
543329,Destin Hood,2016,Batter,14
656555,Rhys Hoskins,2019,Batter,532
543333,Eric Hosmer,2019,Batter,1934
429667,Ryan Howard,2016,Batter,546
592419,Jared Hoying,2017,Batter,87
641712,Dakota Hudson,2019,Pitcher,1
543339,Daniel Hudson,2019,Pitcher,1
621529,Joe Hudson,2019,Pitcher,12
218596,Tim Hudson,2015,Pitcher,27
453307,David Huff,2016,Pitcher,1
502151,Chad Huffman,2017,Batter,8
461833,Phil Hughes,2018,Pitcher,4
460026,Nick Hundley,2019,Batter,917
501986,Cedric Hunter,2016,Batter,28
488984,Tommy Hunter,2019,Pitcher,1
116338,Torii Hunter,2015,Batter,416
571800,Drew Hutchison,2018,Pitcher,2
666561,Jae-gyun Hwang,2017,Batter,37
455104,Chris Iannetta,2019,Batter,798
628452,Raisel Iglesias,2019,Pitcher,29
542255,Ender Inciarte,2019,Batter,1999
408299,Omar Infante,2016,Batter,482
454975,Hernan Iribarren,2016,Batter,34
448170,Travis Ishikawa,2015,Batter,43
547874,Hisashi Iwakuma,2017,Pitcher,1
457706,Austin Jackson,2018,Batter,937
429719,Edwin Jackson,2019,Pitcher,21
592426,Luke Jackson,2019,Pitcher,3
474249,Ryan Jackson,2015,Batter,4
457926,Paul Janish,2017,Batter,80
608671,Travis Jankowski,2019,Batter,622
643376,Danny Jansen,2019,Batter,64
445276,Kenley Jansen,2019,Pitcher,4
444379,John Jaso,2017,Batter,642
445055,Jon Jay,2019,Batter,1174
592433,Tyrell Jenkins,2016,Pitcher,9
543359,Dan Jennings,2019,Pitcher,2
457775,Desmond Jennings,2016,Batter,222
571812,Kyle Jensen,2016,Batter,18
543362,A. J. Jimenez,2017,Batter,5
499864,Luis Jimenez,2015,Batter,10
434622,Ubaldo Jimenez,2017,Pitcher,9
598271,Brian Johnson,2019,Batter,5
453400,Chris Johnson,2016,Batter,334
430681,Dan Johnson,2015,Batter,15
430637,Kelly Johnson,2016,Batter,468
608672,Micah Johnson,2017,Batter,81
572955,Pierce Johnson,2018,Pitcher,1
407862,Reed Johnson,2015,Batter,16
582473,Sherman Johnson,2018,Batter,6
430945,Adam Jones,2019,Batter,1919
434540,Garrett Jones,2015,Batter,107
592444,JaCoby Jones,2019,Batter,379
571825,James Jones,2015,Batter,16
624507,Ryder Jones,2018,Batter,101
518863,Taylor Jordan,2015,Pitcher,4
543376,Caleb Joseph,2019,Batter,731
543377,Corban Joseph,2019,Batter,13
571830,Tommy Joseph,2017,Batter,606
459964,Matthew Joyce,2019,Batter,854
592450,Aaron Judge,2019,Batter,637
543380,Taylor Jungmann,2017,Pitcher,29
596001,Jakob Junis,2019,Pitcher,1
664842,Kevin Kaczmarski,2018,Batter,3
501888,Ryan Kalish,2016,Batter,7
628356,Jung Ho Kang,2019,Batter,566
501992,Nate Karns,2019,Pitcher,2
493128,Munenori Kawasaki,2016,Batter,38
431148,Scott Kazmir,2016,Pitcher,21
641745,Brad Keller,2019,Pitcher,2
608348,Carson Kelly,2019,Batter,97
543391,Casey Kelly,2018,Pitcher,4
430603,Don Kelly,2016,Batter,23
571841,Ty Kelly,2018,Batter,122
461314,Matt Kemp,2019,Batter,1602
643393,Tony Kemp,2019,Batter,336
435062,Howie Kendrick,2019,Batter,1133
452718,Kyle Kendrick,2017,Pitcher,27
664028,Brett Kennedy,2018,Pitcher,4
453178,Ian Kennedy,2019,Pitcher,25
596146,Max Kepler,2019,Batter,1140
477132,Clayton Kershaw,2019,Pitcher,153
572971,Dallas Keuchel,2019,Pitcher,4
571851,Spencer Kieboom,2018,Batter,97
518883,Dean Kiekhefer,2018,Pitcher,1
595281,Kevin Kiermaier,2019,Batter,1224
547957,Hyun Soo Kim,2017,Batter,420
643396,Isiah Kiner-Falefa,2019,Batter,294
664068,Scott Kingery,2019,Batter,326
592468,Nick Kingham,2019,Pitcher,13
435079,Ian Kinsler,2019,Batter,1935
445213,Brandon Kintzler,2019,Pitcher,1
543401,Jason Kipnis,2019,Batter,1605
623182,Patrick Kivlehan,2018,Batter,134
446372,Corey Kluber,2019,Pitcher,8
595284,Andrew Knapp,2019,Batter,227
571863,Matt Koch,2019,Pitcher,6
543408,Tom Koehler,2017,Pitcher,51
502004,George Kontos,2018,Pitcher,1
518902,Pete Kozma,2018,Batter,157
596012,Kevin Kramer,2019,Batter,17
456124,Erik Kratz,2019,Batter,239
571868,Marc Krauss,2015,Batter,47
571871,Ian Krol,2018,Pitcher,2
605323,Kyle Kubitza,2015,Batter,21
641771,Chad Kuhl,2018,Pitcher,62
600303,Tommy La Stella,2019,Batter,430
407793,John Lackey,2017,Pitcher,100
502285,Tyler Ladendorf,2016,Batter,50
444836,Aaron Laffey,2015,Pitcher,1
501571,Juan Lagares,2019,Batter,715
408042,Gerald Laird,2015,Batter,2
516809,Junior Lake,2016,Batter,75
503351,Blake Lalli,2016,Batter,10
534606,Ryan LaMarre,2019,Batter,135
571875,Jake Lamb,2019,Batter,1148
543424,John Lamb,2018,Pitcher,16
518911,Andrew Lambo,2016,Batter,18
659275,Dinelson Lamet,2019,Pitcher,13
425560,Adam LaRoche,2015,Batter,296
502009,Mat Latos,2017,Pitcher,22
641778,Eric Lauer,2019,Pitcher,15
657656,Ramon Laureano,2019,Batter,106
543432,Ryan Lavarnway,2019,Batter,79
571882,Derek Law,2019,Pitcher,2
596271,Casey Lawrence,2018,Pitcher,1
543434,Brett Lawrie,2016,Batter,660
502190,Mike Leake,2019,Pitcher,95
453281,Wade LeBlanc,2019,Pitcher,3
459967,Sam LeCure,2015,Pitcher,1
657658,Braxton Lee,2018,Batter,9
493193,Dae-ho Lee,2016,Batter,218
545346,Zach Lee,2017,Pitcher,5
643410,Mark Leiter,2018,Pitcher,14
518934,DJ LeMahieu,2019,Batter,1899
506702,Sandy Leon,2019,Batter,659
452657,Jon Lester,2019,Pitcher,138
571893,Adam Liberatore,2018,Pitcher,1
453311,Tim Lincecum,2016,Pitcher,11
452252,Adam Lind,2017,Batter,934
458676,Josh Lindblom,2017,Pitcher,1
596019,Francisco Lindor,2019,Batter,1949
434538,Francisco Liriano,2019,Pitcher,64
542642,Rymer Liriano,2017,Batter,27
594902,Ben Lively,2019,Pitcher,22
467785,Radhames Liz,2015,Pitcher,1
643414,Kyle Lloyd,2017,Pitcher,1
446653,Jose Lobaton,2018,Batter,317
543456,Kyle Lobstein,2016,Pitcher,1
641796,Tim Locastro,2019,Batter,7
502046,Jeff Locke,2017,Pitcher,43
429400,Adam Loewen,2016,Pitcher,3
346798,Kyle Lohse,2016,Pitcher,29
489067,Ryan Lollis,2015,Batter,11
543459,Steve Lombardozzi,2017,Batter,12
425766,James Loney,2016,Batter,633
446334,Evan Longoria,2019,Batter,1844
605347,Jorge Lopez,2019,Pitcher,1
641154,Pablo Lopez,2019,Pitcher,8
607257,Rafael Lopez,2018,Batter,96
625643,Reynaldo Lopez,2019,Pitcher,5
547179,Michael Lorenzen,2019,Pitcher,55
518953,David Lough,2016,Batter,157
664040,Brandon Lowe,2019,Batter,91
476704,Jed Lowrie,2019,Batter,1395
664192,Joey Lucchesi,2019,Pitcher,13
518960,Jonathan Lucroy,2019,Batter,1419
608475,Dawel Lugo,2019,Batter,74
607625,Seth Lugo,2019,Pitcher,36
656669,Jordan Luplow,2019,Batter,130
543475,Jordan Lyles,2019,Pitcher,26
458681,Lance Lynn,2019,Pitcher,55
544928,Tyler Lyons,2019,Pitcher,14
553988,Dixon Machado,2018,Batter,367
592518,Manny Machado,2019,Batter,2085
466948,Jean Machi,2017,Pitcher,1
628317,Kenta Maeda,2019,Pitcher,100
641816,Tyler Mahle,2019,Pitcher,24
543484,Mikie Mahtook,2019,Batter,617
571912,Luke Maile,2019,Batter,340
628318,Kazuhisa Makita,2018,Pitcher,1
455117,Martin Maldonado,2019,Batter,901
640455,Sean Manaea,2019,Pitcher,7
641820,Trey Mancini,2019,Batter,843
595307,Seth Maness,2017,Pitcher,1
622534,Manuel Margot,2019,Batter,800
516970,Sugar Ray Marimon,2015,Pitcher,3
501697,Jhan Marinez,2018,Pitcher,4
545350,Jake Marisnick,2019,Batter,707
605357,Mike Marjama,2018,Batter,29
455976,Nick Markakis,2019,Batter,2053
608566,German Marquez,2019,Pitcher,79
150302,Jason Marquis,2015,Pitcher,12
502029,Chris Marrero,2017,Batter,29
571918,Deven Marrero,2019,Batter,206
501245,Alfredo Marte,2015,Batter,5
527043,Jefry Marte,2018,Batter,503
606466,Ketel Marte,2019,Batter,1156
516782,Starling Marte,2019,Batter,1537
431145,Russell Martin,2019,Batter,1073
502110,J. D. Martinez,2019,Batter,1477
500874,Jose Martinez,2019,Batter,657
492841,Michael Martinez,2017,Batter,118
607259,Nick Martinez,2017,Pitcher,4
400121,Victor Martinez,2018,Batter,1598
605361,Nick Martini,2019,Batter,116
475416,Justin Masterson,2015,Pitcher,2
518991,Darin Mastroianni,2016,Batter,5
425772,Jeff Mathis,2019,Batter,413
571927,Steven Matz,2019,Pitcher,85
554431,Tyler Matzek,2015,Pitcher,7
408045,Joe Mauer,2018,Batter,1723
622194,Bruce Maxwell,2018,Batter,266
452239,Justin Maxwell,2015,Batter,173
594576,Jacob May,2017,Batter,19
460055,John Mayberry,2015,Batter,77
457727,Cameron Maybin,2019,Batter,1251
608577,Nomar Mazara,2019,Batter,1204
473724,Matt McBride,2016,Batter,71
435263,Brian McCann,2019,Batter,1138
543510,James McCann,2019,Batter,1120
435221,Brandon McCarthy,2018,Pitcher,25
621121,Lance McCullers,2018,Pitcher,8
457705,Andrew McCutchen,2019,Batter,1766
519008,T. J. McFarland,2019,Pitcher,3
431171,Casey McGehee,2016,Batter,265
430661,Dustin McGowan,2017,Pitcher,1
641851,Kyle McGowin,2019,Pitcher,2
657681,Kyle McGrath,2018,Pitcher,1
592547,Deck McGuire,2018,Pitcher,4
624512,Reese McGuire,2019,Batter,22
543521,Collin McHugh,2019,Pitcher,8
502374,Michael McKenry,2016,Batter,86
641856,Billy McKinney,2019,Batter,86
641857,Ryan McMahon,2019,Batter,131
643446,Jeff McNeil,2019,Batter,201
656725,Alex McRae,2019,Pitcher,2
640457,Austin Meadows,2019,Batter,138
622270,Alex Mejia,2017,Batter,33
642336,Francisco Mejia,2019,Batter,47
622795,Yohander Mendez,2019,Pitcher,1
596043,Daniel Mengden,2019,Pitcher,7
474568,Jordy Mercer,2019,Batter,1478
593160,Whit Merrifield,2019,Batter,1256
519023,Devin Mesoraco,2018,Batter,371
543542,Alex Meyer,2017,Pitcher,1
656738,Ben Meyer,2018,Pitcher,1
519025,Will Middlebrooks,2017,Batter,233
571945,Miles Mikolas,2019,Pitcher,30
489119,Wade Miley,2019,Pitcher,30
543543,Brad Miller,2019,Batter,1112
502522,Justin Miller,2019,Pitcher,1
623166,Mike Miller,2016,Batter,1
571946,Shelby Miller,2019,Pitcher,43
621219,Alec Mills,2019,Pitcher,3
543548,Tommy Milone,2019,Pitcher,11
501985,Mike Minor,2019,Pitcher,2
664641,Ariel Miranda,2018,Pitcher,3
571951,Bryan Mitchell,2018,Pitcher,8
425877,Yadier Molina,2019,Batter,1720
660162,Yoan Moncada,2019,Batter,493
519037,Carlos Moncrief,2017,Batter,23
609275,Adalberto Mondesi,2019,Batter,316
476192,Johnny Monell,2015,Batter,35
524968,Jesus Montero,2015,Batter,80
471083,Miguel Montero,2018,Batter,573
606160,Rafael Montero,2019,Pitcher,18
656756,Jordan Montgomery,2019,Pitcher,1
543557,Mike Montgomery,2019,Pitcher,37
446192,Adam Moore,2018,Batter,14
519043,Matt Moore,2019,Pitcher,47
489138,Tyler Moore,2017,Batter,273
434778,Kendrys Morales,2019,Batter,1647
592567,Colin Moran,2019,Batter,358
543569,Brent Morel,2015,Batter,4
519048,Mitch Moreland,2019,Batter,1391
605388,Adam Morgan,2019,Pitcher,36
408047,Justin Morneau,2016,Batter,294
621559,Max Moroff,2019,Batter,112
489149,Logan Morrison,2019,Batter,1241
453344,Brandon Morrow,2018,Pitcher,1
434604,Mike Morse,2017,Batter,181
621209,Jon Moscot,2016,Pitcher,3
461235,Brandon Moss,2017,Batter,827
600301,Taylor Motter,2018,Batter,283
519058,Mike Moustakas,2019,Batter,1495
570615,Steven Moya,2016,Batter,68
656775,Cedric Mullins,2019,Batter,133
571970,Max Muncy,2019,Batter,424
594940,Daniel Muno,2015,Batter,16
622168,Yairo Munoz,2019,Batter,222
502517,Daniel Murphy,2019,Batter,1680
461815,David Murphy,2015,Batter,312
571974,J. R. Murphy,2019,Batter,318
608596,Tom Murphy,2019,Pitcher,114
643466,Harrison Musgrave,2019,Pitcher,2
605397,Joe Musgrove,2019,Pitcher,23
571976,Wil Myers,2019,Batter,1214
435063,Mike Napoli,2017,Batter,914
571980,Tyler Naquin,2019,Batter,369
553882,Omar Narvaez,2019,Batter,510
429780,Chris Narveson,2016,Pitcher,3
537953,Daniel Nava,2017,Batter,348
425900,Dioner Navarro,2016,Batter,375
519068,Efren Navarro,2018,Batter,109
519071,Rey Navarro,2015,Batter,26
594943,Zach Neal,2018,Pitcher,2
502117,Kristopher Negron,2019,Batter,111
519076,Jimmy Nelson,2019,Pitcher,61
656794,Sean Newcomb,2019,Pitcher,23
621028,Kevin Newman,2019,Batter,68
547912,Gift Ngoepe,2018,Batter,34
504379,Juan Nicasio,2019,Pitcher,14
592592,Brett Nicholas,2017,Batter,81
592593,Justin Nicolino,2017,Pitcher,37
621512,Tomas Nido,2019,Batter,65
477003,Jonathon Niese,2016,Pitcher,50
543590,Kirk Nieuwenhuis,2017,Batter,292
408242,Wil Nieves,2015,Batter,9
607043,Brandon Nimmo,2019,Batter,463
656798,Jacob Nix,2018,Pitcher,4
605400,Aaron Nola,2019,Pitcher,69
445060,Ricky Nolasco,2017,Pitcher,5
519082,Nick Noonan,2016,Batter,27
502032,Bud Norris,2018,Pitcher,23
596057,Daniel Norris,2019,Pitcher,4
519083,Derek Norris,2017,Batter,791
656803,James Norwood,2019,Pitcher,2
641924,Jacob Nottingham,2019,Batter,12
467100,Ivan Nova,2019,Pitcher,51
456488,Eduardo Nunez,2019,Batter,1448
600524,Renato Nunez,2019,Batter,193
573064,Vidal Nuno,2018,Pitcher,10
622217,Chris O'Grady,2018,Pitcher,3
656811,Ryan O'Hearn,2019,Batter,104
502523,Shawn O'Malley,2016,Batter,179
641933,Tyler O'Neill,2019,Batter,73
594951,Ryan O'Rourke,2019,Pitcher,1
457711,Sean O'Sullivan,2016,Pitcher,10
519085,Brett Oberholtzer,2016,Pitcher,5
596059,Rougned Odor,2019,Batter,1609
543606,Jake Odorizzi,2019,Pitcher,12
572000,Mike Ohlman,2017,Batter,10
660271,Shohei Ohtani,2019,Pitcher,224
621566,Matt Olson,2019,Batter,563
592609,Mike Olt,2015,Batter,59
644337,Nate Orf,2018,Batter,13
449181,Paulo Orlando,2018,Batter,671
542364,Rafael Ortega,2019,Batter,272
543611,Danny Ortiz,2017,Batter,11
120074,David Ortiz,2016,Batter,884
591741,Jose Osuna,2019,Batter,259
621261,Corey Oswalt,2019,Pitcher,8
572008,Chris Owings,2019,Batter,1202
542303,Marcell Ozuna,2019,Batter,1732
457574,Jordan Pacheco,2016,Batter,89
434636,Angel Pagan,2016,Batter,848
641941,Emilio Pagan,2019,Pitcher,1
594953,Daniel Palka,2019,Batter,264
605412,Joe Panik,2019,Batter,1542
517370,Jimmy Paredes,2016,Batter,362
666560,Byung Ho Park,2016,Batter,135
592620,Jarrett Parker,2019,Batter,223
592621,Kyle Parker,2015,Batter,69
476633,Chris Parmelee,2016,Batter,76
622210,Ian Parmley,2017,Batter,2
467827,Gerardo Parra,2019,Batter,1401
519107,Andy Parrino,2015,Batter,1
641958,Jordan Patterson,2016,Batter,17
607359,Spencer Patton,2016,Pitcher,1
572019,Ben Paulsen,2016,Batter,298
502748,Brad Peacock,2019,Pitcher,4
456665,Steve Pearce,2019,Batter,854
408241,Jake Peavy,2016,Pitcher,34
592626,Joc Pederson,2019,Batter,1101
456030,Dustin Pedroia,2019,Batter,1258
451713,Carlos Peguero,2015,Batter,38
460059,Mike Pelfrey,2017,Pitcher,2
516414,Ariel Pena,2016,Pitcher,1
430910,Brayan Pena,2016,Batter,310
570240,Felix Pena,2019,Pitcher,7
506747,Francisco Pena,2018,Batter,127
455369,Ramiro Pena,2016,Batter,71
452254,Hunter Pence,2019,Batter,1026
460060,Cliff Pennington,2018,Batter,430
444482,David Peralta,2019,Batter,1351
642547,Freddy Peralta,2019,Pitcher,13
425509,Jhonny Peralta,2017,Batter,742
407908,Joel Peralta,2016,Pitcher,1
503449,Wily Peralta,2019,Pitcher,48
606299,Jose Peraza,2019,Batter,1202
606131,Luis Perdomo,2019,Pitcher,54
516811,Eury Perez,2015,Batter,96
541650,Hernan Perez,2019,Batter,1112
543633,Juan Perez,2015,Pitcher,33
527048,Martin Perez,2019,Pitcher,2
605421,Michael Perez,2019,Batter,55
424144,Oliver Perez,2019,Pitcher,3
547379,Roberto Perez,2019,Batter,484
521692,Salvador Perez,2018,Batter,1622
554234,Williams Perez,2016,Pitcher,27
570639,Yefri Perez,2016,Batter,2
573088,Cameron Perkins,2017,Batter,65
596071,Dillon Peters,2019,Pitcher,6
607054,Jace Peterson,2019,Batter,979
451089,Shane Peterson,2017,Batter,204
623402,Tim Peterson,2019,Pitcher,1
463610,Gregorio Petit,2018,Batter,226
433589,Yusmeiro Petit,2019,Pitcher,10
502054,Tommy Pham,2019,Batter,881
572033,Josh Phegley,2019,Batter,428
475479,David Phelps,2019,Pitcher,26
408252,Brandon Phillips,2018,Batter,1517
621433,Brett Phillips,2019,Batter,126
543652,Tyler Pill,2017,Pitcher,4
607680,Kevin Pillar,2019,Batter,1865
444489,Manny Pina,2019,Batter,551
572038,Branden Pinder,2016,Pitcher,1
640461,Chad Pinder,2019,Batter,437
501381,Michael Pineda,2019,Pitcher,2
500887,Josmil Pinto,2016,Batter,1
517369,Jose Pirela,2019,Batter,678
572039,Stephen Piscotty,2019,Batter,1312
601713,Nick Pivetta,2019,Pitcher,43
608700,Kevin Plawecki,2019,Batter,528
461858,Trevor Plouffe,2018,Batter,909
570256,Gregory Polanco,2019,Batter,1543
593871,Jorge Polanco,2019,Batter,858
572041,A. J. Pollock,2019,Batter,1220
519141,Drew Pomeranz,2019,Pitcher,14
592647,Dalton Pompey,2018,Batter,76
519144,Rick Porcello,2019,Pitcher,9
457763,Buster Posey,2019,Batter,1749
621471,Boog Powell,2018,Batter,105
445988,Martin Prado,2019,Batter,1243
502100,Alex Presley,2017,Batter,299
456034,David Price,2019,Pitcher,9
445095,Jason Pridie,2015,Batter,5
595777,Jurickson Profar,2019,Batter,691
527049,Cesar Puello,2019,Batter,22
624577,Yasiel Puig,2019,Batter,1193
405395,Albert Pujols,2019,Batter,1948
578570,Juniel Querecuto,2016,Batter,5
596451,Roman Quinn,2019,Batter,134
500779,Jose Quintana,2019,Pitcher,38
430605,Ryan Raburn,2017,Batter,312
133380,Aramis Ramirez,2015,Batter,407
541640,Erasmo Ramirez,2019,Pitcher,3
434670,Hanley Ramirez,2019,Batter,1281
500724,J. C. Ramirez,2019,Pitcher,2
606162,Yefry Ramirez,2019,Pitcher,1
467092,Wilson Ramos,2019,Batter,1251
519168,Anthony Ranaudo,2016,Pitcher,2
458675,Colby Rasmus,2018,Batter,628
474284,Cory Rasmus,2016,Pitcher,1
502051,Josh Ravin,2018,Pitcher,1
592662,Robbie Ray,2019,Pitcher,89
607067,Colin Rea,2016,Pitcher,22
600466,Raudy Read,2019,Batter,8
592663,J. T. Realmuto,2019,Batter,1579
489232,Anthony Recker,2017,Batter,119
502210,Josh Reddick,2019,Batter,1564
607223,A. J. Reed,2019,Batter,81
592665,Addison Reed,2018,Pitcher,2
642003,Cody Reed,2019,Pitcher,6
605439,Michael Reed,2019,Batter,22
608701,Rob Refsnyder,2018,Batter,287
460099,Nolan Reimold,2016,Batter,264
595373,Jack Reinheimer,2018,Batter,23
573113,Tony Renda,2018,Batter,49
543685,Anthony Rendon,2019,Batter,1564
592669,Hunter Renfroe,2019,Batter,629
519184,Ben Revere,2017,Batter,1110
621052,Alex Reyes,2019,Pitcher,9
614177,Franmil Reyes,2019,Batter,181
408314,Jose Reyes,2018,Batter,1236
622569,Pablo Reyes,2019,Batter,47
622682,Victor Reyes,2019,Batter,166
448602,Mark Reynolds,2019,Batter,1029
608703,Matt Reynolds,2018,Pitcher,140
453385,Clayton Richard,2019,Pitcher,60
670950,Trevor Richards,2019,Pitcher,14
572073,Joey Rickard,2019,Batter,559
595375,JT Riddle,2019,Batter,419
516589,Andre Rienzo,2015,Pitcher,2
425567,Alex Rios,2015,Batter,318
425784,Rene Rivera,2019,Batter,542
608061,T. J. Rivera,2017,Batter,270
592680,Yadiel Rivera,2019,Batter,145
519203,Anthony Rizzo,2019,Batter,1924
543698,Donn Roach,2016,Pitcher,1
543699,Tanner Roark,2019,Pitcher,129
543706,Dan Robertson,2017,Batter,161
621002,Daniel Robertson,2019,Batter,350
519208,Clint Robinson,2016,Batter,415
592685,Drew Robinson,2019,Batter,117
453203,Shane Robinson,2018,Batter,301
570663,Hansel Robles,2019,Pitcher,1
645302,Victor Robles,2019,Batter,65
607074,Carlos Rodon,2019,Pitcher,5
121347,Alex Rodriguez,2016,Batter,536
605446,Dereck Rodriguez,2019,Pitcher,16
593958,Eduardo Rodriguez,2019,Pitcher,6
622446,Jefry Rodriguez,2019,Pitcher,8
500135,Ronny Rodriguez,2019,Batter,149
446481,Sean Rodriguez,2019,Batter,524
434643,Wandy Rodriguez,2015,Pitcher,2
595386,Jason Rogers,2016,Batter,134
500743,Miguel Rojas,2019,Batter,952
276519,Jimmy Rollins,2016,Batter,547
457449,Jamie Romak,2015,Batter,9
607219,Sal Romano,2019,Pitcher,21
544836,Enny Romero,2018,Pitcher,1
552662,Stefen Romero,2016,Batter,28
461865,Andrew Romine,2018,Batter,605
519222,Austin Romine,2019,Batter,483
489265,Sergio Romo,2019,Pitcher,1
444468,Hector Rondon,2019,Pitcher,2
602922,Jose Rondon,2019,Batter,91
489267,Adam Rosales,2018,Batter,413
451705,Alberto Rosario,2017,Batter,35
642708,Amed Rosario,2019,Batter,551
592696,Eddie Rosario,2019,Batter,1470
600968,Randy Rosario,2019,Pitcher,1
501647,Wilin Rosario,2015,Batter,175
425496,Cody Ross,2015,Batter,16
424325,David Ross,2016,Batter,210
605452,Joe Ross,2019,Pitcher,61
475115,Tyson Ross,2019,Pitcher,62
607387,Ryan Rua,2018,Batter,378
607968,Drew Rucinski,2018,Pitcher,1
573131,Darin Ruf,2016,Batter,257
448605,Justin Ruggiano,2017,Batter,141
434563,Carlos Ruiz,2017,Batter,496
547004,Rio Ruiz,2019,Batter,121
519237,Cameron Rupp,2017,Batter,655
543734,Chris Rusin,2019,Pitcher,71
608365,Addison Russell,2019,Batter,1298
592710,Josh Rutledge,2017,Batter,154
453895,Brendan Ryan,2016,Batter,73
547943,Hyun-Jin Ryu,2019,Pitcher,26
594987,Casey Sadler,2019,Pitcher,2
573135,Tyler Saladino,2019,Batter,692
477569,Fernando Salas,2019,Pitcher,2
517593,Danny Salazar,2019,Pitcher,2
519242,Chris Sale,2019,Pitcher,11
457454,Jarrod Saltalamacchia,2018,Batter,285
502188,Jeff Samardzija,2019,Pitcher,80
572102,Keyvius Sampson,2016,Pitcher,6
592717,Aaron Sanchez,2019,Pitcher,5
506703,Adrian Sanchez,2019,Batter,96
605795,Angel Sanchez,2017,Batter,1
434671,Anibal Sanchez,2019,Pitcher,20
570560,Carlos Sanchez,2019,Batter,1255
596142,Gary Sanchez,2019,Batter,725
516949,Hector Sanchez,2017,Batter,177
506997,Tony Sanchez,2017,Batter,5
467055,Pablo Sandoval,2019,Batter,783
543742,Jerry Sands,2016,Batter,118
593934,Miguel Sano,2019,Batter,821
467793,Carlos Santana,2019,Batter,1855
542454,Danny Santana,2019,Batter,515
642701,Dennis Santana,2019,Pitcher,1
570267,Domingo Santana,2019,Batter,733
429722,Ervin Santana,2019,Pitcher,9
623993,Anthony Santander,2019,Batter,102
502327,Hector Santiago,2019,Pitcher,6
596143,Luis Sardinas,2018,Batter,255
459431,Michael Saunders,2017,Batter,517
543746,Rob Scahill,2018,Pitcher,1
457788,Jordan Schafer,2015,Batter,46
502582,Logan Schafer,2016,Batter,140
594988,Scott Schebler,2019,Batter,850
453286,Max Scherzer,2019,Pitcher,188
572114,Ryan Schimpf,2018,Batter,268
570731,Jonathan Schoop,2019,Batter,1542
519263,A. J. Schugel,2017,Pitcher,2
435401,Skip Schumaker,2015,Batter,193
656941,Kyle Schwarber,2019,Batter,717
489305,Xavier Scruggs,2016,Batter,74
608369,Corey Seager,2019,Batter,1065
572122,Kyle Seager,2019,Batter,1927
574847,Rob Segedin,2017,Batter,64
516416,Jean Segura,2019,Batter,1961
592731,Steve Selsky,2017,Batter,33
543760,Marcus Semien,2019,Batter,1611
622608,Antonio Senzatela,2019,Pitcher,23
622663,Luis Severino,2019,Pitcher,7
600474,Pedro Severino,2019,Batter,190
623149,Paul Sewald,2019,Pitcher,4
594992,Kevin Shackelford,2018,Pitcher,2
572128,Richie Shaffer,2016,Batter,72
622046,Chris Shaw,2019,Batter,31
543768,Travis Shaw,2019,Batter,1306
448306,James Shields,2018,Pitcher,52
640463,Braden Shipley,2018,Pitcher,22
533167,Matt Shoemaker,2019,Pitcher,3
592741,Chasen Shreve,2019,Pitcher,1
543776,JB Shuck,2019,Batter,438
642423,Magneuris Sierra,2019,Batter,154
501213,Moises Sierra,2018,Batter,34
592743,Andrelton Simmons,2019,Batter,1929
430580,Alfredo Simon,2016,Pitcher,10
608371,Lucas Sims,2019,Pitcher,8
572138,Jon Singleton,2015,Batter,30
448609,Tony Sipp,2019,Pitcher,1
642082,Chance Sisco,2019,Batter,105
429713,Grady Sizemore,2015,Batter,213
607215,Eric Skoglund,2019,Pitcher,1
605474,Matt Skole,2019,Batter,8
596103,Austin Slater,2019,Batter,218
592761,Caleb Smith,2019,Pitcher,9
642086,Dominic Smith,2019,Batter,214
596105,Dwight Smith,2019,Batter,69
595001,Josh Smith,2019,Pitcher,12
607345,Kevan Smith,2019,Batter,393
605480,Mallex Smith,2019,Batter,717
452234,Seth Smith,2017,Batter,836
642094,Tyler Smith,2017,Batter,8
475253,Justin Smoak,2019,Batter,1178
519294,Josh Smoker,2018,Pitcher,1
519295,Jake Smolinski,2018,Batter,423
592767,Drew Smyly,2019,Pitcher,2
605483,Blake Snell,2019,Pitcher,5
501983,Travis Snider,2015,Batter,171
474319,Brandon Snyder,2018,Batter,34
656977,Chad Sobotka,2019,Pitcher,1
462515,Miguel Socolovich,2018,Pitcher,2
519299,Eric Sogard,2019,Batter,608
456781,Donovan Solano,2019,Batter,91
500207,Jhonatan Solano,2015,Batter,19
500208,Yangervis Solarte,2019,Batter,1613
624585,Jorge Soler,2019,Batter,621
519301,Sammy Solis,2018,Pitcher,4
647336,Mike Soroka,2019,Pitcher,7
624641,Edmundo Sosa,2019,Batter,1
434567,Geovany Soto,2017,Batter,213
665742,Juan Soto,2019,Batter,315
519306,Steven Souza,2018,Batter,1010
452655,Denard Span,2018,Batter,1499
605486,Cory Spangenberg,2019,Batter,769
543807,George Springer,2019,Batter,1604
607732,Jacob Stallings,2019,Batter,51
489334,Craig Stammen,2019,Pitcher,4
592774,Cody Stanley,2015,Batter,7
519317,Giancarlo Stanton,2019,Batter,1297
595426,Brock Stassi,2017,Batter,56
545358,Max Stassi,2019,Batter,185
623451,Jackson Stephens,2018,Pitcher,5
596112,Robert Stephenson,2019,Pitcher,14
664057,Andrew Stevenson,2019,Batter,89
592779,Brock Stewart,2019,Pitcher,5
455755,Chris Stewart,2018,Batter,336
621514,Christin Stewart,2019,Batter,47
621466,DJ Stewart,2019,Batter,28
519322,Drew Storen,2017,Pitcher,1
596115,Trevor Story,2019,Batter,984
621381,Matt Strahm,2019,Pitcher,4
573185,Dan Straily,2019,Pitcher,46
544931,Stephen Strasburg,2019,Pitcher,127
608717,Chris Stratton,2019,Pitcher,29
595005,Ryan Strausborger,2015,Batter,34
664702,Myles Straw,2019,Batter,9
548389,Ross Stripling,2019,Pitcher,37
573186,Marcus Stroman,2019,Pitcher,10
467008,Pedro Strop,2019,Pitcher,4
453211,Drew Stubbs,2017,Batter,118
445590,Eric Stults,2015,Pitcher,6
544150,Albert Suarez,2017,Pitcher,12
605498,Andrew Suarez,2019,Pitcher,20
553993,Eugenio Suarez,2019,Batter,1460
624133,Ranger Suarez,2019,Pitcher,4
491696,Jesus Sucre,2019,Batter,420
593833,Wander Suero,2019,Pitcher,2
572180,Andrew Susac,2018,Batter,122
608718,Brent Suter,2019,Pitcher,31
400085,Ichiro Suzuki,2019,Batter,830
435559,Kurt Suzuki,2019,Batter,1212
621020,Dansby Swanson,2019,Batter,819
572182,Darnell Sweeney,2018,Batter,60
596119,Blake Swihart,2019,Batter,393
430897,Nick Swisher,2015,Batter,165
592789,Noah Syndergaard,2019,Pitcher,60
519333,Matt Szczur,2018,Batter,405
467798,Jose Tabata,2015,Batter,31
607369,Travis Taijeron,2017,Batter,28
592791,Jameson Taillon,2019,Pitcher,73
547888,Masahiro Tanaka,2019,Pitcher,10
606132,Raimel Tapia,2019,Batter,169
502023,Travis Tartamella,2015,Batter,2
643565,Mike Tauchman,2019,Batter,34
621035,Chris Taylor,2019,Batter,839
572191,Michael Taylor,2019,Batter,957
547749,Junichi Tazawa,2018,Pitcher,1
460003,Taylor Teagarden,2015,Batter,11
527054,Julio Teheran,2019,Pitcher,148
407893,Mark Teixeira,2016,Batter,589
514913,Ruben Tejada,2019,Batter,441
542513,Tomas Telis,2018,Batter,160
642133,Rowdy Tellez,2019,Batter,49
519345,Joey Terdoslavich,2015,Batter,42
519346,Eric Thames,2019,Batter,456
489365,Josh Thole,2016,Batter,130
621962,Ian Thomas,2015,Pitcher,2
622097,Jake Thompson,2018,Pitcher,16
572204,Trayce Thompson,2018,Batter,370
592804,Tyler Thornburg,2019,Pitcher,2
605508,Charlie Tilson,2019,Batter,88
592808,Andrew Toles,2018,Batter,182
476270,Steven Tolleson,2015,Batter,32
458708,Josh Tomlin,2019,Pitcher,7
605509,Kelby Tomlinson,2018,Batter,479
543859,Michael Tonkin,2017,Pitcher,1
620443,Luis Torrens,2019,Batter,93
456776,Alex Torres,2015,Pitcher,1
448614,Carlos Torres,2019,Pitcher,1
650402,Gleyber Torres,2019,Batter,309
600526,Jose Torres,2017,Pitcher,1
593527,Ramon Torres,2018,Batter,87
591720,Ronald Torreyes,2019,Batter,496
657053,Touki Toussaint,2019,Pitcher,5
664167,Blake Trahan,2018,Batter,10
581527,Devon Travis,2018,Batter,937
607752,Sam Travis,2019,Batter,79
595014,Blake Treinen,2019,Pitcher,1
624431,Jose Trevino,2019,Batter,7
607374,Nick Tropeano,2019,Pitcher,1
545361,Mike Trout,2019,Batter,1488
444432,Mark Trumbo,2019,Batter,1472
425835,Chin-hui Tsao,2016,Pitcher,1
627500,Jen-Ho Tseng,2018,Pitcher,1
663656,Kyle Tucker,2019,Batter,51
605512,Preston Tucker,2018,Batter,449
449168,Matt Tuiasosopo,2016,Batter,2
453064,Troy Tulowitzki,2019,Batter,964
543867,Nik Turley,2017,Pitcher,2
605513,Spencer Turnbull,2019,Pitcher,1
545363,Jacob Turner,2018,Pitcher,3
457759,Justin Turner,2019,Batter,1475
642156,Stuart Turner,2017,Batter,60
607208,Trea Turner,2019,Batter,1140
462564,Dan Uggla,2015,Batter,80
621249,Duane Underwood,2019,Pitcher,1
457708,Justin Upton,2019,Batter,1508
570632,Jose Urena,2019,Pitcher,43
620446,Richard Urena,2019,Batter,107
628711,Julio Urias,2019,Pitcher,15
649966,Luis Urias,2019,Batter,38
346874,Juan Uribe,2016,Batter,469
625329,Henry Urrutia,2015,Batter,31
570482,Gio Urshela,2019,Batter,376
400284,Chase Utley,2018,Batter,1088
642162,Pat Valaika,2019,Batter,232
472528,Luis Valbuena,2018,Batter,946
518170,Jordany Valdespin,2015,Batter,3
502143,Danny Valencia,2018,Batter,1151
621044,Jesmuel Valentin,2018,Batter,55
591971,Breyvic Valera,2019,Batter,61
475100,Scott Van Slyke,2017,Batter,264
570714,Cesar Vargas,2016,Pitcher,3
545121,Ildemaro Vargas,2019,Batter,25
450306,Jason Vargas,2019,Pitcher,22
573627,Kennys Vargas,2017,Batter,380
543877,Christian Vazquez,2019,Batter,603
592826,Vince Velasquez,2019,Pitcher,73
623205,Andrew Velazquez,2019,Batter,7
584171,Hector Velazquez,2019,Pitcher,2
461416,Will Venable,2016,Batter,268
570649,Yordano Ventura,2016,Pitcher,2
657077,Alex Verdugo,2019,Batter,82
572403,Drew VerHagen,2019,Pitcher,1
434378,Justin Verlander,2019,Pitcher,8
548337,Logan Verrett,2017,Pitcher,12
425664,Shane Victorino,2015,Batter,146
622713,Engelb Vielma,2018,Batter,3
453646,Carlos Villanueva,2016,Pitcher,3
570799,Christian Villanueva,2018,Batter,269
542340,Jonathan Villar,2019,Batter,1101
543881,Pedro Villarreal,2015,Pitcher,3
650619,Meibrys Viloria,2019,Batter,18
572227,Zach Vincej,2018,Batter,7
596129,Dan Vogelbach,2019,Batter,86
285064,Ryan Vogelsong,2016,Pitcher,29
519390,Stephen Vogt,2019,Batter,978
572228,Luke Voit,2019,Batter,183
450172,Edinson Volquez,2019,Pitcher,19
608723,Austin Voth,2019,Pitcher,1
458015,Joey Votto,2019,Batter,1724
608379,Michael Wacha,2019,Pitcher,89
493159,Tsuyoshi Wada,2015,Pitcher,3
642180,Tyler Wade,2019,Batter,82
621281,Tyler Wagner,2016,Pitcher,2
425794,Adam Wainwright,2019,Pitcher,85
605520,Mitch Walding,2019,Batter,5
572233,Christian Walker,2019,Batter,39
435522,Neil Walker,2019,Batter,1329
592836,Taijuan Walker,2019,Pitcher,40
477165,Brett Wallace,2016,Batter,199
595453,Chad Wallach,2019,Batter,28
595023,Colin Walsh,2016,Batter,25
595025,Zach Walters,2016,Batter,18
621493,Taylor Ward,2019,Batter,90
476589,Adam Warren,2019,Pitcher,2
572241,David Washington,2017,Batter,1
450308,Jered Weaver,2017,Pitcher,10
596133,Luke Weaver,2019,Pitcher,43
543901,Ryan Weber,2019,Pitcher,5
543903,Allen Webster,2019,Pitcher,5
457789,Jemile Weeks,2016,Batter,43
430001,Rickie Weeks,2017,Batter,233
621563,Joey Wendle,2019,Batter,481
150029,Jayson Werth,2017,Batter,816
547007,Robert Whalen,2018,Pitcher,7
554430,Zach Wheeler,2019,Pitcher,50
643603,Tyler White,2019,Batter,390
446308,Matt Wieters,2019,Batter,1047
573244,Adam Wilk,2017,Pitcher,1
658792,Aaron Wilkerson,2019,Pitcher,4
519421,Andy Wilkins,2016,Batter,14
519425,Jackson Williams,2015,Batter,9
642211,Justin Williams,2018,Batter,1
608384,Nick Williams,2019,Batter,512
592865,Taylor Williams,2019,Pitcher,1
592866,Trevor Williams,2019,Pitcher,54
435064,Bobby Wilson,2019,Batter,355
669060,Bryse Wilson,2019,Pitcher,2
450351,C. J. Wilson,2015,Pitcher,5
425543,Josh Wilson,2015,Batter,23
592869,Tyler Wilson,2017,Pitcher,2
608385,Jesse Winker,2019,Batter,332
595465,Dan Winkler,2019,Pitcher,1
621550,Patrick Wisdom,2019,Batter,31
605538,Matt Wisler,2019,Pitcher,54
621295,Nick Wittgren,2019,Pitcher,3
592879,Asher Wojciechowski,2019,Pitcher,3
547172,Tony Wolters,2019,Batter,475
543939,Kolten Wong,2019,Batter,1310
622072,Alex Wood,2019,Pitcher,70
475243,Travis Wood,2017,Pitcher,31
605540,Brandon Woodruff,2019,Pitcher,15
543942,Rob Wooten,2015,Pitcher,1
474699,Vance Worley,2017,Pitcher,25
519445,Danny Worth,2016,Batter,33
642229,Daniel Wright,2017,Pitcher,3
431151,David Wright,2018,Batter,200
605541,Mike Wright,2019,Pitcher,2
453214,Steven Wright,2019,Pitcher,2
642851,Austin Wynns,2019,Batter,85
642231,Jimmy Yacabonis,2019,Pitcher,1
642232,Ryan Yarbrough,2019,Pitcher,1
489446,Kirby Yates,2019,Pitcher,2
592885,Christian Yelich,2019,Batter,1719
593679,Gabriel Ynoa,2019,Pitcher,4
501255,Rafael Ynoa,2016,Batter,102
430321,Delmon Young,2015,Batter,145
458913,Eric Young,2018,Batter,228
657145,Mark Zagunis,2019,Batter,12
642239,Rob Zastryzny,2018,Pitcher,4
605548,Bradley Zimmer,2019,Batter,262
475582,Ryan Zimmerman,2019,Batter,1221
519455,Jordan Zimmermann,2019,Pitcher,52
450314,Ben Zobrist,2019,Batter,1611
572287,Mike Zunino,2019,Batter,767
547989,Jos Abreu,2019,Batter,1864
645848,Dariel lvarez,2016,Batter,24
493316,Yoenis Cspedes,2018,Batter,1184
649557,Aledmys Daz,2019,Batter,948
650490,Yandy Daz,2019,Batter,211
628336,Jos Fernndez,2018,Batter,101
666969,Adolis Garca,2018,Batter,10
578428,Jos Iglesias,2019,Batter,1572
547982,Leonys Martn,2019,Batter,924
493343,Hctor Olivera,2016,Batter,81
640460,Dustin Peterson,2019,Batter,1
594965,Daniel Ponce de Leon,2019,Pitcher,5
493351,Alexei Ramrez,2016,Batter,930
630111,Yasmany Toms,2019,Batter,806
425834,B. J. Upton,2016,Batter,480
592859,Stevie Wilkerson,2019,Batter,30
593372,Carlos Martinez,2019,Pitcher,144
523260,Joe Kelly,2019,Pitcher,3
594809,Adam Eaton,2019,Batter,1311
542208,Carlos Perez,2018,Batter,493
450203,Charlie Morton,2019,Pitcher,25
501822,Chris Hatcher,2018,Pitcher,4
432934,Chris Young,2017,Pitcher,4
455759,Chris Young,2018,Batter,662
605304,Erik Johnson,2016,Pitcher,1
430832,Jose Bautista,2018,Batter,1388
605228,Jose Fernandez,2016,Pitcher,53
592835,Kyle Waldrop,2016,Batter,17
443558,Nelson Cruz,2019,Batter,1669
460075,Ryan Braun,2019,Batter,1428
